Workbook

Sheet Evaluación SaaS
A1: Categoría | B1: Control | C1: Pregunta al Proveedor | D1: Justificación ISO 27001 | E1: Justificación NIST | F1: Respuesta del Proveedor, Observaciones | G1: Cumple (si/no) | H1: Riesgo | I1: Puntaje Máximo | J1: Puntaje Automático
A2: Gobernanza | B2: Política de Seguridad | C2: ¿Cuenta con políticas de seguridad y certificaciones ISO/SOC2? | D2: ISO 27001 Cláusula 5, A.5.1 – Requiere políticas formalizadas. | E2: NIST CSF GV-1, GV-3; NIST 800-53 PM-1 – Exige gobernanza. | F2: Contamos con políticas internas de seguridad alineadas al marco ISO 27001:2022 (control de acceso, manejo de datos, IRP, continuidad, BYOD). La certificación ISO 27001 está en roadmap formal: gap assessment may-2026, auditoría Stage 2 julio-2027, certificado dic-2026. SOC 2 Tipo I: ene-2027; Tipo II: mar-2027. Evidencia disponible bajo NDA. | G2: No | H2: Alto | I2: 10 | J2: =IF(G2="Si",I2,IF(G2="Parcial",I2*0.5,0)) -> 0
A3: Gobernanza | B3: Cumplimiento Legal | C3: ¿Cumple regulaciones de protección de datos (GDPR, etc.)? | D3: ISO A.5.31, A.5.32 – Cumplimiento de leyes aplicables. | E3: NIST GV-2; 800-53 AR-1 – Identificación de requisitos legales. | F3: Cumplimos con la LFPDPPP (jurisdicción aplicable): Aviso de Privacidad publicado, procedimiento ARCO operativo (acuse ≤5 días, respuesta ≤20 días hábiles) y DPO designado. Para transferencias internacionales usamos el modelo de responsabilidad compartida AWS con DPA firmado (AWS Artifact). Evaluación GDPR caso por caso con SCCs si hay residentes UE. | G3: Si | H3: Alto | I3: 10 | J3: =IF(G3="Si",I3,IF(G3="Parcial",I3*0.5,0)) -> 10
A4: Gobernanza | B4: Gestión de Subprocesadores | C4: ¿Utiliza terceros? ¿Están certificados? | D4: ISO A.5.19, A.5.27 – Gestión de proveedores. | E4: NIST ID.SC-1, ID.SC-3; 800-53 SR-3 – Gestión cadena suministro. | F4: Subprocesadores: Amazon Web Services (infraestructura – ISO 27001, SOC 2 Tipo II, HIPAA, PCI DSS, ISO 27017/27018), Amazon Cognito (identidad – parte de AWS), Amazon SES (correo transaccional – parte de AWS), GitHub (repositorios y CI/CD – SOC 2 Tipo II), UptimeRobot (monitoreo externo – SOC 2 Tipo II). | G4: Si | H4: Alto | I4: 10 | J4: =IF(G4="Si",I4,IF(G4="Parcial",I4*0.5,0)) -> 10
A5: IAM | B5: SSO y MFA | C5: ¿Soporta SSO (SAML/OAuth2) y MFA obligatorio? | D5: ISO A.5.17 – Autenticación fuerte. | E5: NIST PR.AC-1, IA-2 – MFA requerido. | F5: Sí. SSO vía SAML 2.0 y OpenID Connect a través de Amazon Cognito User Pools federado con el IdP del cliente (Okta, Azure AD, Google Workspace). MFA obligatorio para 100% de administradores (MAC y SegurAsist) y operadores. Para asegurados finales, MFA vía TOTP y email, activable como obligatorio por configuración del tenant. | G5: Si | H5: Alto | I5: 10 | J5: =IF(G5="Si",I5,IF(G5="Parcial",I5*0.5,0)) -> 10
A6: IAM | B6: RBAC/ABAC | C6: ¿Ofrece roles con privilegios mínimos? | D6: ISO A.5.18 – Privilegios mínimos. | E6: NIST AC-6 – Least privilege. | F6: Sí. RBAC con 4 roles predefinidos: Admin MAC, Operador (solo carga de asegurados), Admin SegurAsist, Supervisor. Principio least-privilege por defecto. Aislamiento multitenant reforzado por Row-Level Security de PostgreSQL (tenant_id en cada tabla) y por buckets S3 separados por cliente. Tests automatizados en CI validan que ningún endpoint cruza tenants. | G6: Si | H6: Medio | I6: 8 | J6: =IF(G6="Si",I6,IF(G6="Parcial",I6*0.5,0)) -> 8
A7: IAM | B7: Ciclo de vida de usuarios | C7: ¿Automatiza altas, bajas y cambios vía SSO? | D7: ISO A.5.20 – Gestión ciclo de acceso. | E7: NIST AC-2 – Control de cuentas. | F7: Soporte SCIM 2.0 nativo en Amazon Cognito para aprovisionamiento desde IdP compatible. Altas/bajas sincronizan en tiempo real; cambios de rol requieren aprobación dual por política. En ausencia de IdP del cliente, gestión manual desde el dashboard de admin con checklist de onboarding/offboarding (revocación ≤24h). | G7: Parcial | H7: Medio | I7: 7 | J7: =IF(G7="Si",I7,IF(G7="Parcial",I7*0.5,0)) -> 3.5
A8: IAM | B8: Auditoría de accesos | C8: ¿Registra accesos exitosos y fallidos? | D8: ISO A.8.15 – Trazabilidad. | E8: NIST AU-12 – Logging obligatorio. | F8: Sí. Logs inmutables de auditoría almacenados en Amazon S3 con Object Lock (modo Compliance) capturan: accesos exitosos y fallidos, creación/modificación/eliminación de pólizas y coberturas, exportaciones de datos y cambios de configuración. Cada evento incluye timestamp, user_id, IP origen, user-agent y recurso. Centralizados en CloudWatch Logs con retención de 12 meses online y 24 meses en S3 Glacier. | G8: Si | H8: Medio | I8: 7 | J8: =IF(G8="Si",I8,IF(G8="Parcial",I8*0.5,0)) -> 7
A9: Datos | B9: Cifrado | C9: ¿Cifran datos en tránsito (TLS1.2+) y reposo (AES-256)? | D9: ISO A.8.24 – Cifrado obligatorio. | E9: NIST SC-13, SC-28 – Protección criptográfica. | F9: Sí. Tránsito: TLS 1.3 forzado (TLS <1.2 rechazado) con HSTS; certificados gestionados por AWS Certificate Manager. Reposo: AES-256 en RDS PostgreSQL, S3, EBS y backups, con llaves administradas por AWS KMS (Customer Managed Keys). Rotación anual automática de las CMK habilitada. Llaves aisladas por ambiente (dev/staging/prod). | G9: Si | H9: Alto | I9: 10 | J9: =IF(G9="Si",I9,IF(G9="Parcial",I9*0.5,0)) -> 10
A10: Datos | B10: Ubicación de Datos | C10: ¿En qué país/región se almacenan los datos? | D10: ISO A.5.31 – Protección legal según jurisdicción. | E10: NIST GV-2 – Restricciones legales. | F10: Región primaria: us-east-1 (N. Virginia). Región de disaster recovery: us-east-2 (Ohio) con réplica asíncrona. Transferencia internacional amparada por LFPDPPP Art. 36 y DPA firmado con MAC. Para clientes que requieran residencia estricta en México, disponible migración a AWS México (mx-central-1) como SKU premium. Backups replicados cross-region con versionado y Object Lock. | G10: Si | H10: Alto | I10: 9 | J10: =IF(G10="Si",I10,IF(G10="Parcial",I10*0.5,0)) -> 9
A11: Datos | B11: Retención y Borrado | C11: ¿Poseen políticas de retención y borrado seguro? | D11: ISO A.8.11 – Eliminación segura. | E11: NIST MP-6 – Sanitización. | F11: Política formal: datos productivos retenidos durante la vigencia del contrato más 6 meses de gracia para portabilidad. Backups RDS con retención de 7 días (point-in-time recovery) y snapshots semanales conservados 30 días. Al finalizar, borrado seguro conforme a NIST SP 800-88 Rev 1 (crypto-shredding de llaves KMS + eliminación de datos cifrados) y emisión de certificado formal de eliminación con fecha, método y firma del CISO. | G11: Si | H11: Medio | I11: 7 | J11: =IF(G11="Si",I11,IF(G11="Parcial",I11*0.5,0)) -> 7
A12: Datos | B12: Contrato DPA | C12: ¿Existe acuerdo de procesamiento de datos? | D12: ISO A.5.31 – Obligación contractual. | E12: NIST PL-2 – Protección contractual. | F12: Sí. Plantilla de DPA anexa al contrato maestro, alineada a LFPDPPP con cláusulas opcionales GDPR (SCCs) para residentes UE. Incluye: obligaciones de notificación de brechas ≤72h, lista de subprocesadores autorizados, derecho de auditoría, devolución/eliminación de datos al terminar, y limitación de procesamiento a instrucciones del responsable. | G12: Si | H12: Alto | I12: 9 | J12: =IF(G12="Si",I12,IF(G12="Parcial",I12*0.5,0)) -> 9
A13: AppSec | B13: PenTesting Anual | C13: ¿Realizan pruebas de penetración anualmente? | D13: ISO A.8.25 – Pruebas de seguridad. | E13: NIST RA-5, CA-8 – Evaluaciones de seguridad. | F13: Pipeline CI/CD ejecuta evaluaciones continuas: SAST (Semgrep con reglas OWASP), SCA (Dependabot), DAST (OWASP ZAP en staging por PR). Pentest externo anual por firma especializada acreditada (primer ciclo Q3-2026; contrato en proceso). Reporte y plan de remediación compartibles con el cliente bajo NDA una vez ejecutado. | G13: Parcial | H13: Alto | I13: 10 | J13: =IF(G13="Si",I13,IF(G13="Parcial",I13*0.5,0)) -> 5
... A34: Contrato | B34: Borrado Seguro | C34: ¿Emitirán certificado de eliminación? | D34: ISO A.8.11 – Eliminación segura. | E34: NIST MP-6 – Sanitización. | F34: Sí. Tras los 30 días de portabilidad (o inmediatamente a solicitud del cliente), borrado seguro conforme a NIST SP 800-88 Rev 1: eliminación de datos productivos y backups, crypto-shredding de llaves KMS, y emisión de certificado formal firmado por el CISO con fecha, método, alcance y responsable. | G34: Si | H34: Alto | I34: 9 | J34: =IF(G34="Si",I34,IF(G34="Parcial",I34*0.5,0)) -> 9

Sheet Conclusiones
A1: Conclusión General
A3: Métrica | B3: Valor
A4: Puntaje máximo posible | B4: =SUM('Evaluación SaaS'!I2:I34) -> 283
A5: Puntaje obtenido (automático) | B5: =SUM('Evaluación SaaS'!J2:J34) -> 251
A6: % Cumplimiento | B6: =B5/B4 -> 0.8869258
A7: Controles 'Si' | B7: =COUNTIF('Evaluación SaaS'!G2:G34,"Si") -> 27
A8: Controles 'Parcial' | B8: =COUNTIF('Evaluación SaaS'!G2:G34,"Parcial") -> 5
A9: Controles 'No' | B9: =COUNTIF('Evaluación SaaS'!G2:G34,"No") -> 1
A11: Interpretación del puntaje
A12: ≥ 90% | B12: Riesgo BAJO. Proveedor apto para operación inmediata.
A13: 70% – 89% | B13: Riesgo MEDIO. Apto con plan de remediación para gaps identificados.
A14: 50% – 69% | B14: Riesgo ALTO. Requiere remediación previa al alta como proveedor.
A15: < 50% | B15: Riesgo CRÍTICO. No apto para procesamiento de datos sensibles.
A17: Evaluación actual: | B17: =IF(B6>=0.9,"Riesgo BAJO – Apto para operación inmediata",IF(B6>=0.7,"Riesgo MEDIO – Apto con plan de remediación",IF(B6>=0.5,"Riesgo ALTO – Requiere remediación previa","Riesgo CRÍTICO – No apto"))) -> Riesgo MEDIO – Apto con plan de remediación
